y,x_1,x_2,x_3,x_4,x_5,x_6,x_7,x_8,x_9,x_10,x_11,x_12,x_13,x_14,x_15,x_16,x_17,x_18,x_19,x_20,x_21,x_22,x_23,x_24,x_25,x_26,x_27,x_28,x_29,x_30,x_31,x_32,x_33,x_34,x_35,x_36,x_37,x_38,x_39
31.886325266532,2.2373161572101385,2.4365283481271995,2.593697034170729,4.82863374281016,4.354909804822007,3.0805198608948623,2.021720552898647,2.1607034952156594,1.7098212583014505,1.940535690939516,2.465620132823532,2.742480174415994,4.287606742285224,4.018625829311654,3.123674773410799,2.3530331244923084,2.2627301822433665,2.2441823149257782,3.795179588132693,4.10115422342153,4.329500284735215,2.8624210152892955,3.318235130184672,2.9000689963820143,1.315361400571374,2.6711967620817507,4.257049003703246,2.1322374881362194,5.355810802370375,2.958523564714282,3.0923774917679605,3.034110069015177,1.9398319325188396,2.423080328220554,3.0865684673864298,2.238095685865812,2.0706896372919354,2.7317588646240534,3.905005814833164
31.93927384706435,3.137221304291299,2.243504823772561,2.0473497143328347,2.9448626582075583,3.5370817634980707,4.0809675128277965,1.8193699599100404,3.6581086490374384,1.821536258285839,2.180177692919956,2.008021640715829,1.6524387519755046,2.853764854656493,3.18585936344942,2.8552915232852394,2.564032734192814,2.724970321990757,2.1367929631451674,1.8459430335519489,3.797878015313657,4.111587893931064,2.6832355733529702,1.6536749236716093,2.51314162705427,2.1720589756930413,3.2471088807120068,4.0239243613026,4.474944515965387,3.3664346400128164,2.3053544509689523,2.3157425158508564,2.2938540390992057,1.7122326746938452,2.1733418802075253,2.926017607192796,1.944805323477969,3.782708350325323,2.570805428147744,4.479371144467301
31.969496049188784,2.5549811705917067,1.7456006480395796,2.218613443740584,3.889626691379704,3.775240179234155,3.9673007521634687,2.0535348740102304,4.47027281094848,1.897378959284916,2.545355605600678,2.125728892944604,1.3890379021322508,3.693444745073432,2.771474739945073,1.273485784112785,2.9160771998707675,2.8700104805655577,1.4263596545780532,3.5688764897168634,4.071368500663991,4.477309744578129,2.9312696129274043,3.553094290516709,2.602261878846162,3.72457995403528,2.7786536704999514,3.4356903639919327,2.902573517017181,4.424936214267382,3.2495566439654198,3.982678897429116,3.5681990444176925,1.6371134068460436,2.3313451162465237,2.383219034122564,2.9496972695142283,3.3579267602232123,3.469506783993518,4.776014742461522
31.976750294256657,2.8077078085350817,3.715601226886209,2.0783827772721013,3.279625273357506,3.167571215727328,3.57732488269205,1.466096473026326,3.401370514771493,1.7778815232757057,2.3948250348822717,2.2775958504177978,1.8472928043871837,4.757367950519434,2.8923352523757475,2.8454098996070787,3.205761387964912,2.6168106611443958,1.869134583846336,2.7618809684057006,2.194688353566475,3.8656074076213818,3.68341192520256,1.961348484953284,1.3537950641281922,3.8428836241061735,2.644456780960941,2.355923150226229,2.745591212890414,2.4629587870625693,1.8121998008860165,2.185180099867863,3.260924017111628,1.995746385035978,1.2120431401424132,2.2012186960757605,3.02471093965922,2.746754234403531,1.8143203411134816,3.583122907071595
31.984324361213872,2.160240108904952,2.5629978857268947,1.8327159174707175,1.7073621815233957,2.797009377000418,3.343879521516589,3.162640462526372,4.651244093984595,2.601728805356436,2.537129931038367,2.634707699849203,2.277544904886988,3.672029209430584,2.9991566834270493,2.614748878663156,4.242793258585925,1.9047051152151253,0.946911457350636,2.591728056954085,3.438922315724644,4.8728463799358845,4.241689004967582,2.432325173001265,3.0469866303415336,3.8344027885695855,3.161053535197676,2.9425094866282064,1.985238118660878,2.51260819903529,4.91531992291233,4.591589048442831,3.748710650147723,1.4781274727793363,2.4005245770597994,3.600690803820336,2.372659621999685,2.4886998324436505,2.9877563549514896,4.346401409826586
32.108986395808124,1.87361816928152,2.280880794091912,2.309587557129953,5.706330280519399,3.5874949214693608,3.619440653061101,1.6133103273770115,1.2388092163506077,1.7335881074080808,2.3379740187620586,2.7794192323953024,3.0312612321050185,3.783222578445224,2.255024936528536,4.428557402541362,4.432608426232742,2.630143900316117,2.12847087360657,2.0673301749942747,3.78941020709964,4.657991879259768,3.639473504088283,3.0558633063715264,3.139724281944887,3.3028067242282275,2.470468077305437,3.8423136714373287,4.559979200136727,3.348553206165651,3.923396506451766,3.280309218795182,1.839632884113506,1.1119402005056374,2.5202663166343893,2.242986892818186,2.5496752800102698,2.2663970025392786,3.728099284513814,4.350479274799009
32.15518408159967,2.0443634518915874,2.706701942498772,2.607875647917504,2.367096058464995,2.7012654513536365,2.308256831331945,1.803277134702864,3.4024900369880107,2.040217857766808,2.589829121995552,2.7839393865511037,2.3352523974760864,2.5146636075396867,2.421898398735033,3.4008898746759484,3.050346328099166,1.798169929107404,1.9289371501394208,3.808055650506253,3.483056516380836,4.313065785656956,3.1198009051720863,2.918733961816197,1.4801622685145372,2.6384016818293388,2.7176019382275647,2.936358422508261,4.408229321964309,4.00877642188637,1.4989357029569583,3.574558425984592,2.4322620463871543,0.7562732212309193,1.3237188406813931,2.313453925277644,2.447334855413536,2.66037957348164,2.4783450305341006,3.736423922189833
32.19155063622189,2.3499514367304486,3.597537548036585,2.620726449407244,2.6914049657332453,3.979635761869401,2.8767778048124533,2.61927321841612,4.213393998305499,2.0663495592743524,1.6332174839257505,2.396054976872878,2.639661129595108,3.339184864252392,3.491986462595356,2.270735898074141,3.3469127244385577,2.408991202352058,1.450759252503775,3.631813361568113,3.353153589005108,3.842305296429945,2.570006318240996,4.8330275155612,1.7718444355333376,2.5764904499551746,1.137652816486443,2.853873599257492,2.172171997713723,3.3884923510817653,2.2454800845420992,2.738078063491977,1.878114299067522,1.2296393737031286,2.0103302457429884,2.8597194634820906,2.550468648713472,2.494763132669614,3.653772338809004,4.62123555412678
32.23644142559555,2.517713165345258,4.78303634791394,2.8921883920027627,4.179051624614543,3.247032687312341,4.044609345153891,2.4831778030131684,1.5531544519116065,2.9007615271630023,2.7249385542791296,2.640301398305498,2.133175122929484,5.056378114685909,2.0234707253503394,2.927486209912031,2.65391377986554,1.6289018424990356,1.7775707442149495,5.318905711932041,4.266592381904428,4.3168275216986105,2.59613444604753,3.088035865983842,2.539714742511931,2.239051027663731,2.7015329463626725,2.9268931753197585,3.783390079596949,3.14606622452801,3.594934845127049,2.9840000107070086,2.1052419007554075,1.3307517078232864,2.526387808713343,2.4541002755880843,2.1508804999511115,2.7514894553899474,2.4624438383249867,3.687715229621551
32.26367984119547,1.8272089863793948,3.384423177413923,2.744647848292121,3.4914731817655524,2.907297985824322,2.6803483726349184,2.1519872480904074,2.505790844574905,2.3622403702666945,1.7168775987914882,2.336117947692973,3.005157872754346,3.796043662614951,1.1769690352054418,2.54045646210929,3.057965506142822,3.559768476446638,2.3463941740572065,2.051493228576078,4.62199027902379,5.416568743830119,3.830410512494272,2.1762821020695187,3.373842393096804,1.2655397802396091,2.9415525410464407,3.892125682329704,2.230177255365871,3.2886660113854864,4.236298979879318,2.207401596850615,2.9122015672676405,1.913595499756353,1.929311224392957,2.728799575386059,4.1566832697613965,1.1149257169148146,1.8544677803657788,3.233986725212927
32.31880168132961,4.935882011489467,2.8962195405506463,1.981863462058759,2.4797609884762304,3.2353478787158427,3.212861757059378,1.733245590134069,2.874055744189487,1.9374988097585464,2.816573900795384,3.114873242526877,3.1536879068014247,2.753635066157868,2.181266945308008,3.63439810672833,2.61085108220372,2.164170722426812,2.208793451379632,3.336166315786516,3.580304848926517,3.1124269734498773,1.6239061881362742,2.1588808906920125,1.7450612124772624,2.895899477707091,4.253962150768702,3.510466199011938,0.4838502679171323,1.832835849700712,1.5839659374299622,2.8343554025610955,2.16535468192415,0.9654987658785604,1.452716166216222,3.494188380168493,1.503560955850887,3.5057232508370166,2.091931823297064,4.161261206742559
32.390686689367016,2.481246188248781,1.2544643877024906,3.129093052960425,2.338479296838556,3.166945774379852,3.2062402464725284,2.6009548916656384,2.507068740050426,2.842550164390239,2.2574508039725303,2.8187768608343675,2.9861656843166835,1.3203128588466773,2.941429540060523,2.4720635281413577,2.846191930064092,1.5554057053906174,1.30104256193138,3.219163504381582,3.8263136463508345,4.724638986266024,3.677631597247165,2.678429569779565,2.97802052713401,4.2151903683377245,3.6477857820508985,3.0681504083664577,1.6311816566836257,1.8071946767338365,4.183593238257709,3.4030747905995504,3.163993047858355,1.883010610711341,2.760825434982357,3.0091961476768176,1.3023778622874915,3.069257376334796,2.2148298870484773,3.535611685614956
32.413126818054444,2.093720898034808,1.8403600129708924,2.959133250045652,3.0481706811716025,3.4886517669066035,2.6968492635110435,1.8341165802343944,1.9305646275640944,2.003410038433852,1.722313912316427,2.5542510943104517,3.301589086383263,1.274175401467084,2.2682608576111702,3.4971084889919144,2.6198398320061576,1.640504655248939,1.9672030014155264,3.005491240201698,3.732790484519533,4.144875301434831,2.4402606277550203,3.556839080561593,2.6240819435096734,1.933466838577121,1.887214420757368,3.195053148996317,2.914156510132591,1.5154962152564992,3.456686001708394,2.8501970249659694,3.0604176279476563,1.846678102085466,2.13338254726615,2.460725131911933,3.621028257189739,2.8453555977555145,2.018540529663342,4.003212908800243
32.47045428209813,3.072108589700814,3.505141112895488,3.017782884236365,3.16693850668522,2.637989977709498,3.8935822891505856,2.397775720997944,3.917324609833324,3.2119069026448424,2.797575404031962,2.6620217855078643,2.145041375710565,4.186284712670108,3.425883631963825,1.7202638976689462,1.9897588193409956,3.04812848464813,1.869234322265953,3.514348128992541,3.128632858106849,2.8157607619035243,1.6534525558726951,2.962259710899518,2.481612758644564,2.4585441271230555,3.71145849323349,3.857917155815493,3.103225696957395,2.4911924634795404,2.735792274582779,2.906361507698874,2.6512674074932767,1.3854691966840875,1.9949319199698896,3.209372584747314,2.948950512809784,3.1027573579333145,2.507895917899854,4.389545975550552
32.640917547785506,2.761076139655694,0.3453001012645602,4.553523777188227,2.829685950756849,4.964209014826885,3.8692781081741896,2.2135803605089786,1.633981128316283,2.8314296195750237,1.7247851818882496,1.8200279411354696,1.7332392298350947,2.297666161035981,3.446807393057816,4.422575545483283,3.540705149466912,2.488207570283346,2.547346011844196,3.4630911926267856,3.688861077010348,4.383954806682208,3.2619242449055275,3.210560598743043,2.810935242363742,1.802332203088628,4.260783740546037,3.436862080477626,1.6480132424281022,1.475435843894479,3.493015216616506,3.7241432116484106,2.484042361831997,1.1228422534121152,2.4965877132046708,2.9729243067434776,2.768181982506273,3.495004081370592,2.523262520653096,4.402232379338206
32.71408495057123,4.373862670707325,5.484140751426737,2.7690528530315075,1.2210297956754224,4.431949006776654,3.0900343228524334,2.0483149754044665,3.265804085601956,1.6025810866896752,2.413577164441154,2.733052458067437,2.737115998599886,2.6460645003294028,1.809048118025471,2.744655024114841,2.712125341995153,2.5360268126338044,1.9340521381588909,2.957501518363267,3.959139543305143,4.03142041338488,2.4143068717806986,3.429610995802007,2.21890734778068,3.6222258601268247,5.743592499077246,3.488007245761738,2.252127125595315,3.589183418189956,2.4894498231421287,3.0400840457674723,3.016403576599729,1.453277984340225,1.3088052428034462,3.444580212450096,2.6334922518606354,2.411524926636136,3.239570615279252,4.390457103561438
32.82647809469756,2.075172212341255,2.989797277689081,2.8607116885019512,1.3081650026378842,4.61259597484729,3.1538949131146783,1.7149006899694756,3.989396321516164,1.4734883559984713,2.399149398626683,2.7153096828595817,2.772782645725205,2.998159958116604,3.29642898751196,3.1627450910419896,3.2206631102447583,2.013869477296156,1.8449276437380693,3.774919341462717,3.654265500455829,4.455216857676628,3.180994263693216,4.192552088034336,2.151633703610771,2.7999012456336847,3.649511401171527,3.9256976626872793,1.9589409668524524,2.9717735843650863,1.9012141848046176,3.718587444915943,2.317359151796698,1.265962569171284,2.7601362972035632,2.8272396025328765,2.826167931103682,3.0910225363544725,2.924242527190672,4.457703826121286
32.84437883043831,0.878842473387105,2.532993139336525,1.5461012878846838,5.177920531471574,3.704958160486655,3.2158708669869647,1.3368733698666913,3.065335992366893,1.0890137025594055,2.229949490943535,2.731675812777488,2.6783306543790566,2.8124545158740544,3.037002392453757,2.5633204675615344,2.385324032789909,2.496147018322037,2.009009154873247,3.3219517675614973,4.486640672605175,5.267826973757019,3.7243277597018905,4.889208037181065,2.9507032445143744,3.322231627545344,2.6899409494933133,3.222187651166264,3.016873581345949,3.2337916353282044,4.299585812761469,2.61279133970449,1.4797877842809029,1.5063657289370136,3.2647615043310614,3.632900220888446,3.193009417628756,2.228761746946072,2.5313721039926187,4.315294243430625
32.927555931483894,2.0484781621764974,3.8064730088693937,1.7037822462988026,1.2319821598144176,3.5825210526743696,3.216399503887933,1.6726937464328804,3.5047058673385,1.3864669286770466,3.453434298604933,3.456702342734113,2.866227357622665,3.00002891617672,2.680795343759219,2.138667006366008,2.677275788262448,2.304803801795196,1.4429831878718145,4.444210451106386,3.6347250260148174,3.7154068602456576,2.2265286344362334,3.9525921926007914,2.261426930096436,2.337880792810922,2.1279585262791203,2.8206643190676504,1.8818744419280733,4.324659483652425,3.412354063569763,1.6706929072232948,3.4728538755003937,2.4245517804519263,1.270523439220488,2.549826477709768,2.9597723136792062,2.3347131376628667,2.30517001343973,3.689818211133447
32.988425571573885,2.901566869600098,4.866236113823508,3.8645583945191553,4.392826499259559,4.1934398297536735,2.2532413274557874,2.477914545465874,3.384523075315002,2.488590659200588,1.5064161049670024,2.2678546841501244,2.9455179884006983,1.8974970282314505,3.936279275417644,1.0128899291057176,2.3770754503165934,3.0201881178615944,1.5341151140500957,3.810446500500437,3.8657590939380095,4.109591762880405,2.5835791147718177,2.8604849959190988,2.3596596732126702,2.5552808309850805,1.5300199327743125,2.667711881839171,4.774205124001098,2.3575481993780096,3.3628548190082657,2.751727316609206,2.721209184449994,1.7461498190993412,2.14986347606091,3.6717986163545024,2.239711271620292,2.712210787583359,3.19411406210046,4.460124035591038
33.01256080955955,1.753591976411901,3.927334148790164,2.844689867329889,3.931530443107575,3.400517000767638,4.0416317381617874,2.7562128510493813,4.196780245422552,2.9112282361048645,1.9327930606896884,2.2776873498683363,2.553090184066249,3.25472015220059,3.052028982256531,2.8252306844073227,2.1731616741380804,2.534890323150328,2.2554296301323866,5.720788993100594,2.845772976688836,3.5221670717779103,2.811061535262632,3.614118720316324,3.226579517096983,3.823661137361626,2.766900177949682,4.035032824940741,3.1342055138661222,2.382775739823612,3.5526459071966228,1.9983736722925551,3.4166110936619587,2.751094489890688,2.4556411573775865,1.4674802722444302,2.0298099499324858,3.633887134919801,2.467347569007946,3.773982736507808
33.03744391307903,2.3327961805463224,2.110901660809046,3.0465802207771944,2.637294222423112,3.578843762101319,2.957447364039504,2.569852131767589,4.566306085346945,2.521199483564393,2.367895258305862,2.2660316994897647,1.778081022569149,2.4827264253852355,1.4174697098150868,2.377913033458227,2.1194222485363503,1.8553039026402505,1.7200471495956,4.51891136263921,3.8933528024464783,4.369603218949283,2.653189362848631,3.4769656836412786,2.3577046898023704,2.080562039639662,3.6155799066995113,3.452698414679814,2.780026708574352,4.688211486456052,2.75464617184878,2.3119899554262857,2.5561688938327523,2.157094246095381,3.098794654160617,2.6661060250737862,2.6141614322245976,1.765991596522127,2.9991121480802545,3.829185301128012
33.14140878276056,2.403492700509734,2.952148568556087,3.14842285178237,3.743783098352432,3.5289290583249557,2.769415101553468,2.397292658038914,4.332383272196917,2.4101548287638157,2.3645304957299484,3.2345593716488,4.1457244400163535,3.866812971900325,3.113584971471869,2.569934187744784,2.850925528535183,4.216221710775567,2.6606752661303594,3.905059214142141,4.529871456024113,3.928904498565729,1.8121153597940296,3.92770993461333,3.149747661209664,2.27207535389985,1.5396106909264058,4.023860543603626,2.894403439362037,3.452139698579588,3.6224352772587154,2.9997479005723378,3.0071146987344446,1.7061936200849506,2.505125093717084,1.39241873929458,1.8470792689017677,3.1251573991612736,2.357717662681347,3.3767563130657106
33.143613809014106,1.7752552409646396,3.28232235917227,2.016431150217384,4.0909553059420505,3.022132933548392,3.8543803125951097,2.603927221921102,4.000023186474347,2.549441500584574,1.373215358057302,2.1097669645695643,3.0275989573976574,3.163581556421033,3.973657955559864,3.46572944834674,2.839308641977835,3.368310485551471,2.5256629643842827,3.2083673440574185,3.663852421617752,3.755343475938212,2.34189300275476,2.729053465840626,1.3612675162759418,0.7745413894622679,4.3624982795774265,1.8612016741543176,3.797126808190262,3.65325708064047,2.175663382162087,2.763853349790638,2.390802518049247,1.831636876163884,2.8452824116687845,0.958994103200446,2.5892208007523947,2.8098889637808933,2.3964330234346445,3.371944402999985
33.18523740281308,2.8924800458271225,2.445186233698843,2.809741584349521,3.23614743333427,3.904735263624461,3.988100642779299,1.4851289538320664,4.924684283031629,1.965219982754456,1.9394496888090904,2.74137637247072,3.280630781524431,4.01138985958767,3.469894671705139,3.16091428774355,2.168920054862633,2.839775732653582,2.621247366460378,2.284509140943844,4.518560945816944,4.722579034848307,2.9956373929168385,3.3502382147122614,2.7264682773994675,2.889921397564184,1.3963787118915876,3.6147284373198567,5.115735401131198,2.6017358509054103,3.5924037845825967,4.09717675743732,2.492636231402414,0.3485944966124072,1.136257588297045,3.375506818491595,1.298582465331228,2.9656241194720665,3.5995116658545103,4.544388121420677
33.188769041595584,3.3949956398100296,2.9680382557726124,3.424921945701883,5.439759713516563,5.519730743308649,3.794333392914509,1.4720901819409231,3.3927486919719416,1.391644662050407,3.657811970750733,3.953807187478025,3.612660772009608,4.084418828847944,2.504755849556497,2.5909782274565085,4.080546973645085,3.1298607060907506,1.4280463538183608,4.050296806124531,3.624286609315965,4.500599852050732,3.324331473630328,2.536197707595015,3.8585246871681584,4.157544198866921,1.6693017128732937,4.499197175475936,3.2467251363765155,3.524537290215671,4.571941271425097,3.681423715153183,2.235502253637584,0.9625942566226772,1.9266132085510157,3.3836353499134875,3.081046066279844,3.002911876905751,3.399711952958121,5.064356624872941
33.19695132705918,2.911328943546987,1.5952009430887608,2.8463589454979035,3.642985177419171,3.406172938360757,2.5038933524098077,3.20305586403149,4.24264468754185,2.501691731177777,2.28079671072334,3.2708989770779477,3.642576756012135,3.664005834677861,2.8607563125710795,1.8645261611350397,2.618683510722584,2.798788481144971,1.7536220105919735,4.502458570452451,3.561612737789462,4.381520854334053,3.258130062683461,3.399425770753458,2.9938053446391337,4.195867498825527,0.2246719073505367,3.712135557875168,4.0229093403183045,1.877399406439731,3.711033518499912,3.1071121759171856,3.084107481823671,1.6009461005827388,1.984416949043644,3.26986408910846,2.3055844831016943,2.0735886151136893,2.6654748939962487,3.719565216282904
33.23829063064357,1.419280754946488,3.5472981169397557,2.539707710500481,2.8453826902201778,3.1884084043673964,2.833889571171333,2.795739516615476,3.3878053016745904,2.5362086782933444,1.4161387826071792,2.4747370290821644,3.3747797994097413,2.5961137027153005,3.084929270100553,3.12762162214824,3.3778487008361746,2.5903216293706794,1.952591753891568,5.390857431035112,3.815281908250338,4.611496444256883,3.508634446705192,3.083746454080254,3.187617673288871,3.90974298527851,1.607561616510748,4.326757842910658,2.676385509524782,3.3240999105871727,3.7299898365109754,3.616338253632564,3.34667337363347,2.000148402484901,3.0595231112809804,3.277954158189603,2.9437552215642224,2.5666442045128863,2.1980188919906323,4.049985576990151
33.28076571098933,3.464465970822812,2.4604830450240023,2.615274975226137,1.9129973815215569,3.842761010415069,2.40762118794752,1.835618685952764,3.872948271298349,1.4455345142905207,2.266709637707389,2.5607129284418755,2.1606386032196188,1.2298947521153123,1.4492815899327816,1.5384941852386704,2.8001335868487383,3.132683758173745,1.4573741572361003,4.515203106381,2.9799083525340078,4.155131351911464,3.4341035026452245,1.8264120928552456,2.81884096097955,3.480549506066391,6.362205728860134,3.219200338818448,2.2560285696645934,4.057189625901627,3.722372264558643,2.6737885776280192,3.309556699639041,2.4207282703797723,3.04702325357696,2.8795549007092567,2.857615509924153,3.35975140178941,3.364753889984713,4.77740644164893
33.362802885510206,3.426331869113302,3.342283090432411,1.7889007539384842,1.1763873521844452,4.532007079708444,4.27162208760793,3.1893160399850102,3.9966393393672712,2.1154298296037557,2.3940383762134627,2.921503630355853,2.9879781645604715,3.0343042493354253,2.672500496012227,2.393406925369301,2.6949504961925608,2.788965600312533,1.8377164719252872,3.45654859495407,3.7178725444341074,4.328805165234606,3.1203613588354955,2.024487157986841,2.867356322257286,1.901840756771136,3.122574111452889,3.3811184196100816,4.003702505555949,3.470362171715452,3.6662599984187567,4.932681103252278,2.5770853569733463,1.016156306424873,3.447870968350583,2.765454990908844,2.882657867027815,3.6812086129046073,2.83505267345657,4.7098514141087655
33.390095778058644,4.402228565249999,3.8598620615458312,3.5822070680081746,2.4758485856683627,3.5523590736741024,3.785856396693176,1.7706641014378102,2.865403368006381,2.7529752893503665,2.8606498365394084,3.3206886218655,3.2688354048789936,4.0183827700955295,3.1451720966485754,1.688899520801954,4.002791799418466,3.3954460122604,1.3976031533585451,4.713112750711055,3.852597134168876,4.615293489216772,3.390555137545788,3.5310944509519624,2.8102354867705066,3.4830012941544117,1.1026878856831184,4.563524508944277,4.604168460976225,2.474199884668772,2.434772222500265,3.520817783776766,2.7021363862639314,1.0726166481485369,1.471622169878327,2.225954379564919,2.125883802889321,2.9716804102622,2.9761273879101613,4.049283578992309
33.46628907734468,3.4448440376926746,4.119562023695804,2.880216388977451,4.473175392951823,2.654597519481019,2.926027332566282,0.3869371198198643,3.9409354071153646,1.9464047251636396,1.6120105551780926,2.237933171220444,2.585115611954446,3.3547253631183125,3.064943205200529,3.5421100589334173,3.192261663756731,3.339312705095137,2.6894405617053265,4.345364859900642,3.148215537656264,4.196723126416336,3.254059587033135,3.3228899129762457,1.8572373112334768,2.898570717998176,2.2921195735710085,2.941176310372693,0.5460826661129334,3.670306907636621,2.4153519248115463,3.673961000666642,2.8729543211574784,1.4295235002528224,2.4659803298198426,2.2831251635053733,2.3400027303836466,3.3790880920412336,2.2871377266157347,4.008679342227886
33.47184329508082,1.879030284332881,2.6725632259567944,3.798420097325877,3.424498359438001,3.5515443543029885,4.048566309029519,1.3111091517171571,1.7532031162091737,2.6462685716778545,1.610163981583405,1.5504708968761511,1.4970115595889737,3.765295770600429,2.9237380466109104,1.377226041048769,2.8171013684903268,2.724521235741309,1.5209271732330798,2.405271342773858,4.001050049879645,4.603471945865738,3.1351380867482965,1.8994051877444291,1.6671297449474336,3.76507389704488,2.90693646687658,3.038286851390215,4.056827420753722,1.362286395315245,2.0932486873400515,2.0512391781799173,2.6125994069443537,2.1981256633218043,2.5730130396692905,3.276480651958132,2.561739674398664,1.916695395901124,2.7881926045233785,4.0923049465488335
33.48096858055599,3.926981947881365,2.264847869820048,2.659275597023873,4.413523868463688,3.3869744333217326,3.806905381293408,1.4171368378585605,3.0010395020415914,2.0593745319124803,2.7156025750318973,2.8900212039762097,2.696369723349516,1.9574106003803595,1.760549187441628,1.9799445422992863,2.003422518733493,1.4904524189673614,1.41227843726942,2.13056860045,3.5116756744135302,3.70951025130316,2.2021526258602986,2.61619446486454,1.9626754952057528,3.710450351791165,2.7560934536492616,3.7409390523663455,4.3043832248665375,4.980167003866652,1.5579472758115225,1.61040984615288,1.3466861887453865,1.1879528603167864,1.3802555087435526,3.308324827070112,3.0339325170181426,3.814927428298113,2.5517868379546367,4.936807333190119
33.50199701029359,3.050109737471897,5.683920058122972,2.20275983134649,4.2637629888270565,4.270763756641794,3.4188047801616817,2.4482456885393247,3.264177389937658,1.6353974884314646,2.648969291769541,2.683446175731932,1.794435626272039,3.771935915180321,2.830300430164739,2.9608844577624462,3.555800408130532,2.5974088321271585,1.717184620927437,4.011950441999154,3.909449703477752,4.067400399541226,2.527980462353327,2.856283251951308,2.795141682428693,2.314325667493812,3.511044551893669,3.547689540683231,2.6954001414394253,2.390043948405946,3.244165114012631,1.6755949935154453,2.48481929293896,2.339704989539932,2.709799330554734,1.810461542033098,3.149637628613404,3.50095611934374,2.9925692280836875,4.432561608741696
33.510483935750486,0.4796321789446471,3.9417081988706335,2.504543531213272,2.121735105844559,3.412791060350365,4.303801413592448,1.7394760452830051,5.024941852291905,2.3224050857488723,2.599156788829462,2.575938658196051,2.085660828886036,3.256788276536277,2.046772741380652,2.964883614123007,3.752330906882649,2.6492539444446725,1.7081216553258298,4.242870104054309,4.235528293138622,4.219206303316975,2.449480585747059,2.444318377448724,2.3536444051498755,2.541731066855343,4.89197842319041,3.751481181484252,4.773700262346535,4.082046712410887,2.595671581434253,2.672775603843287,2.499777780767724,1.9185230773019573,2.849316881507902,2.9166141106169103,2.2206973254804465,2.2113864030930657,3.621372925037335,4.112873981602952
33.51349741918355,2.924985667849959,1.780005903265469,2.601810711265343,4.054545317594638,3.8432435641651255,3.4620840825201475,0.8547020705956441,1.872921156452032,1.4250412730454929,3.786416178853985,3.764382653971534,3.315717386666404,3.602983451764884,2.9223797077392253,2.1500895160159974,3.8796520708360926,3.0726175531677606,1.496084563063116,3.7451492678918967,3.8540250170400503,4.806162248277882,3.664168990735937,4.171908847768196,2.5664760769448973,1.83474707783599,2.691223889998956,4.273478333778307,3.023730276807935,5.560596880050767,2.513184333761763,3.9824910851998983,3.667103973371893,1.3809661970342852,1.6010532042096346,2.644894124370905,1.487058386267039,2.221418508799034,3.5310499289422324,3.86864969092446
33.516746049535946,1.32064680329851,4.060320080134051,2.8383579255846456,3.5337395027730136,3.497314292445693,3.178034626343329,2.6861848563330266,4.322590436986201,2.64248753269803,1.6531425392936043,1.603533117218176,1.608371395145697,2.9942225545650643,3.309579998201176,3.756728586846977,4.03452093762828,3.993821188353593,2.7717851129054374,3.2450609910885237,4.199281198806794,4.327819695662405,2.794712519489086,4.0447061843341645,2.5286713367390594,3.469159702151458,4.1427867053117895,3.263441230286149,2.0913782597222816,2.5580409652317044,3.073688091802646,3.1263302241210127,2.986730856570448,1.759616309841706,2.077426853409345,3.7344817491379048,1.9948884491249537,3.0451054740946275,2.328322221990629,4.087935910707857
33.53220810729366,1.0166301303853038,2.8254029907055003,2.7648630309334905,3.2801898215462097,4.496959779834136,2.8842249305290144,3.748289606261813,4.360181188374959,2.430580421350776,1.5805695810978,2.44861310262105,3.192360699067564,4.1135458147873605,3.136141460683349,3.334761595423427,3.409149069814133,2.3766136045783344,1.923109968404524,4.457458067348361,3.757536670672174,4.91143265718421,3.751909076024809,3.043059925801685,3.04508950689618,3.712906255664719,1.9331339500349487,4.197270899467355,4.235625472714796,3.2415723043313625,3.311145613645544,4.372855241645762,2.599971164544636,0.755854981081316,2.2412165551809613,3.9604191845263728,2.311889529971143,4.118588998297463,2.654189278968188,4.9136839810978135
33.542842545098,3.896544725485892,1.17409368565567,2.0843260726040898,3.2090081193488738,2.163286274307917,3.578210872555504,2.582829796575602,3.282812268310072,2.8384074585661576,1.713306363490624,2.553723788293178,3.2234871638925027,2.8366945313499574,2.234672241597299,2.737248975454802,3.727620233487194,1.906395264887775,1.1858051536643024,2.129115838301689,2.8388288042359298,3.2554140205453344,2.3116230457986835,3.4303914937035564,2.8637392845984078,3.543115521139745,2.636235958988881,3.723832453097139,2.949318667827382,2.8090734365737675,3.620729984545148,2.5165523443772475,3.2318771701529365,2.645309304521396,3.10392164607252,3.198983237391672,2.0348681092737424,2.9218875541965805,3.196488795984063,4.586088233925749
33.59152257000731,2.176335093655429,5.314552837017599,2.6541325795544464,5.0185612006717,3.057892317281504,3.471047295797341,2.197976176879811,3.926551427262434,2.4529419748186028,2.646034002081759,2.612681050114695,2.2942052873526064,2.57382616273938,3.387753688962052,3.3300203259336536,2.1048886524364536,2.265849428755729,2.345303757143485,3.9193204257825904,3.0275775515549883,3.886495564650169,2.8139600622270926,3.256012369000339,2.1613529542969854,1.4697550735230331,3.431090671524147,2.295087388237887,2.483674740479277,5.3262970163297645,3.003239123291063,2.955745301238254,2.519926948674396,1.8744315782533132,3.1486719438331354,2.0947742254586705,2.670254753279574,2.348364511294423,2.7677135864528086,3.560874564893834
33.63965771928871,2.6925530585248527,2.507493442230328,2.929671114398821,3.304818715597054,3.226675703988375,3.4303078519208228,3.645698926971991,3.6452720127157994,3.429282696196132,2.5242868188763623,2.7983073834670917,2.3658445151163767,2.2914240625785425,2.4055826203149,2.0317597546455186,2.580791525042912,3.189086303604786,2.0627609575493,6.367507876930605,4.091425781982598,4.75520787161313,3.336292022282469,3.4569657643730363,3.0110296090819686,3.877687715635081,2.081570175344744,3.790401147965287,4.912559086392232,3.465857973319064,3.813730263057874,4.458343656376538,2.802489425531205,0.8218424940186351,2.3165380314978696,2.054945099757306,2.793455288248145,2.627326709558861,2.8284150004287065,3.874186243243946
33.6823284411026,1.957774589241972,3.3248952278406887,3.75189999000391,3.7645406885357415,4.381510656395872,3.9029421564489097,1.4733699833737277,3.325665233471652,2.42828569830317,1.427992484900396,1.3980794331819637,1.340049639275222,3.82838793599604,1.4482763016449385,3.51887528033552,3.08212225949674,2.380040078407405,2.127435132872182,3.718589468048316,4.49130277956128,4.977955873615881,3.3892692815350918,3.3987580545838125,2.0774047672649845,1.9784379412996025,3.0807365940745006,3.58541842647745,4.273055838223975,2.10248440309286,2.4792124196288343,3.1804190853899303,2.7597982486921264,1.5575970248666775,2.2207282083757014,2.9558232436676803,3.257254467763584,2.862148480895902,2.803724397420695,4.537785441859042
33.8909733253298,2.75037395065344,1.3552702209244325,2.6806835162190783,3.1408364391124604,3.995482351760805,3.432085157911533,2.0543880734925075,2.865774357247878,2.0313190320037675,2.3117047791876275,2.266131875448047,1.9040507743611472,3.517425007629737,2.317699722354822,3.023003705667266,4.119528656031573,2.567557888909427,1.5250594582142385,5.069754461839706,4.621325191361271,5.0683079642142905,3.495668775712151,3.156437730021889,2.440522573365964,2.6378915972776014,3.1006064967847613,3.277098266362521,3.414275763083728,3.896984561140672,3.311387516342039,2.805151186562348,2.2864407170541763,1.6288877769771026,3.1851868756685118,2.939618651012918,2.188410990162673,3.538189218520188,2.62836836771031,4.5463548729303165
33.90496508798063,2.5125188684512274,4.088792630962881,1.868231133615605,2.395850456240176,4.296055066652581,3.114564993983988,2.6613409169349387,2.9324143431257985,1.5545059534657624,2.6603918065597494,2.503762891063916,2.1777185205339946,2.5876647054179305,1.4381475480193635,2.812779640977078,2.3445047662157665,2.942116792320172,2.446820194292246,4.358921575694779,3.566293187220378,3.908774114716562,2.8238919274301573,3.3637295494934527,2.232725062869576,0.4502677756314819,3.508722349002529,3.605352419709844,2.9986751143375336,2.210161286774809,2.330641975107973,3.1639066371554163,2.448885162876945,1.360871030556996,2.1626896596082785,4.139600544026986,2.688378232786948,2.8180546071579418,2.7987056610437966,4.811167866956735
33.96768702202697,1.5940561064303969,5.627812816287783,2.347818147726113,2.0589505357294304,3.5064677140676888,3.248383438102551,1.7106362758142066,3.0192882152463216,1.818837171013764,1.284737675519882,1.9084049836901271,2.402308070280561,1.7400670954426891,1.9527793026076927,3.286144433915563,1.7322898587241542,3.2961515935592414,2.969306317131657,5.226477182850967,3.791935229319251,4.088042264621559,2.6378643843182896,4.960473276594936,2.545696152503752,2.599253382632046,1.5816142225733052,4.087861694763037,3.7113371357508926,2.6096158155554288,2.450387961560036,2.5772375516428934,3.076738901489164,2.029946867961993,2.216029347908897,3.407010560351197,1.540181047331745,2.90401844922426,3.0969424724417687,4.301349476642884
33.971046246699395,3.378156388157888,4.871962731178625,3.518217530390779,2.5097131290362342,4.3485740912364905,2.999699549863598,2.5741166258252592,2.6981747985503164,2.486994486472629,1.619067709005253,2.3092601231542016,3.010584542665994,2.1078613042837797,1.4742951290571995,3.150363751559105,2.657085644781926,2.7696313576272367,2.148922685022418,5.916220330977999,3.0453793235665696,3.996776839032036,3.303189467898477,4.324067855519891,2.627275205592096,2.275171259977188,2.69867232509585,2.877394612264413,3.020091771585577,1.3551386361180464,3.984236040160226,3.0386526148714688,3.115338489344184,1.324560595557313,1.2147408314901798,3.2853847846595188,2.853451806272987,3.223930924831508,2.8949972554710253,4.878498720515303
33.98384348909399,1.986856065516452,1.9274402531055368,2.840067444146404,3.827026307331353,3.2545281250396343,2.497362662735119,1.7575166794601829,4.779018543433276,1.7929351848016526,2.5584445545133008,2.6728662791925344,2.3482131252605845,3.0070218368183137,3.949676198343335,2.9586908264792005,2.949793382436225,2.2417921480266667,1.8206753296485425,4.164177098132656,3.6454785734365927,4.93288356699584,4.059816212003313,3.251464165301869,3.2568150596100445,2.9454937755739623,3.3552140450554284,5.210909018910662,2.1037086377657173,3.437112595166754,2.949967264974693,3.988122406945139,3.1755137618199507,1.5595743237417394,2.634737625297954,2.9230732286237817,3.025702790284162,2.528387608178784,3.3529505313904453,4.791967937182558
33.99130199625114,3.5160837937879954,2.462848989791869,3.6250021906533902,4.567496951541743,3.398681782685329,2.7889378911285143,2.8866910687927865,2.65161837465801,3.0967951918602825,2.0279774314004326,2.214240005633872,1.973125518097523,2.725144089324127,3.361235496261973,2.595883173930943,3.4674552657765765,3.0998095524738942,1.812267818422456,4.65362762778063,2.9514790898165906,3.465903611132638,2.3674922774303777,1.8629273495674437,2.444948584677581,3.2912299056509795,2.008445436732099,3.4836260608016256,2.694531875676748,2.037180389897876,2.8778009127212183,2.303786428833752,2.80419908273928,2.0194527502448683,2.5514733905167173,3.089340827826928,2.777950319949646,2.937762598554996,3.0755679935802624,4.531277337006445
33.99212729126014,0.8016590251136799,2.88359523022002,2.780758027035909,1.63711353249999,3.665994531947609,3.669062517388893,0.9436431705094546,2.1155860320140247,1.717520821772488,2.0900475314200166,3.18204216835126,3.718994812167376,3.922018829818833,2.6254101424971497,3.118804350846861,3.569305284964037,3.2311732682144805,2.1830135209937995,3.1743910812427982,3.911534916166256,4.191765312524431,2.55210147676605,3.721441588440937,2.036617959567262,3.499642623864728,4.40698777627976,2.9039332747204343,2.9416437330882044,2.5943305623634987,2.5774686661413324,2.85556474343319,2.3972325487669948,1.5632930351674343,2.509987734873956,2.7438865370905376,2.6378777121565244,2.723649048994448,2.1723126441653986,3.779465756693756
33.99239384657285,3.6662438107820776,2.7321604563028328,2.465084379930724,3.075881772964372,3.5609293979040446,2.3443386813991864,2.2375623794317114,0.6188780512376746,1.765452773232126,3.492745888630007,3.38641689944172,2.767520653452152,3.78026510955871,4.036413069533857,1.7001772202177623,3.907017308671188,3.2058208726690847,1.176628990707949,3.710677929519042,4.662366288128017,4.097832589076203,2.1830770067496523,2.6513245043007494,2.096938617231908,2.489337990542664,2.289710388745176,2.4660645485669885,0.8720840986994562,3.956745771852106,2.819778964550294,2.4824306513782144,2.9877150948101825,2.297513765651275,3.2358436799555204,3.3977721535363563,3.3833950446549084,2.63944276289492,1.7581157464930817,3.8426111306152513
34.016000203193634,4.369255356511806,5.734350835057166,2.3211399899810283,2.2283573405341324,4.183769098247431,4.699819193992145,3.010556354419049,3.7809873095276094,2.4743091683525966,2.553882440898704,2.9239894037721093,2.8438835053665343,4.899643896723818,3.866302921754568,3.430213205579544,3.991460769611854,2.746533423458808,1.840742613274061,3.108590224874615,5.286812309935501,5.264880653587999,3.268434798462099,2.6052753094917387,2.6835765173307573,4.869637021339201,2.5562571086124137,3.2952458539868044,3.3333361879114416,2.104574221148257,3.7038403948490752,2.9621765716086554,2.29431753387308,0.6936919497931939,0.925604279199474,3.2141952397577165,2.11283095252717,2.895933454155849,2.7311494586792904,4.248539381297895
34.018807922813366,2.27337623724983,3.927813455713685,2.531836425250207,1.3250144610678245,3.822637928724427,3.972883647518476,1.7754378712349783,1.6768853674392357,2.0233587319074102,2.843736083381076,3.299894930827169,3.540680624434985,2.59951602661182,2.3579282249881626,3.1124318133870807,3.896876222376271,2.888026197302917,1.8064587660401323,3.927072350905436,4.02410282323877,5.038477843797841,4.120493154691002,3.919846572564522,3.095080253634348,3.7652067394057296,3.2461898712355617,4.89169296320731,2.494252440351806,2.363490033633262,2.715430051192394,4.135251488963062,2.7745611156932912,1.227776360050354,2.9216126939635694,2.963382239316043,3.192659267422128,2.6006423233775915,2.3987300135702654,4.181933649852157
34.053863394718306,1.3829805581628405,4.266412315005198,3.051992306255374,4.582639814294531,3.416578892305835,3.483221500373831,2.417021174717201,4.994456339640681,2.6746280707645784,2.1920649690206355,2.7516586559663256,2.9950471833157133,3.64391936464396,2.58709834194806,2.5119176874503397,3.2518969149482664,2.6150716514020123,1.540202969033814,3.574868767819828,3.703279895060744,4.162095247706942,2.7490780719815766,3.6383375561062983,2.7071119954606893,3.067239873510162,3.905353908153182,3.6585410946998462,0.191737731814495,2.9690451682963768,2.901264132245338,2.4822288991077803,1.818546054284028,1.0534184986039148,1.7805296798846888,3.676816244933392,2.725241132093395,2.779360960309693,3.5572957675161803,5.014002367287858
34.10654464316985,2.509975582841108,2.68652851114767,2.8364511414265805,4.64061936049935,3.993095178726808,3.517982404785676,2.5754961164668786,2.3979323493832334,2.3225436929728174,2.7632131247026925,2.533303503079676,2.052242169418269,3.7754206583096863,2.860647384163248,3.080524601797996,2.5615944419034538,2.4786881284539204,2.17678812755118,4.440788309713081,3.733416283445573,3.884810993449449,2.477599125399916,3.1849546646971403,2.3149967835345477,1.5967462167695792,2.818511948916724,3.0638786727173324,2.754464242790496,4.75242227031642,3.103193153209645,3.066284056956297,2.308942698113876,1.3002388794276922,2.173289861326404,3.132623698569527,2.641237925525703,2.631092057393663,3.4445995736115167,4.689924162628045
34.17282267211037,2.6952010162958064,2.6215149897650765,1.096131532133731,2.8848663532679617,3.070095555414356,3.7772403573071776,2.9306603346452103,2.584098092602394,2.308413048221972,2.124249753142138,2.7007404807278124,2.8524041670071365,4.047377954420476,3.032880533210214,2.778814271313758,3.0633865011131074,2.7997166664634623,1.898420241435537,2.188591868693119,3.870001522258072,4.603975516401567,3.2003003459739414,2.5350449467624,2.9252310394811185,3.281650121113252,3.557383561338842,3.34693173560004,3.152062976613226,4.639891950628487,4.176092357257566,2.4310123246659066,1.963778340722774,1.293415309865089,1.7970429139379007,3.61734148067104,3.0317396557743126,3.643991150345592,1.8979533613506576,4.721629490761271
34.174855862357745,2.9008591713338365,2.844265363837049,3.1432472590380875,2.2474701562812447,2.921704557019533,3.573474634042597,2.2338795755093765,5.842222214054315,3.117090267762189,2.581398433507724,3.004531857707743,2.9086150032823355,2.349943408154104,2.437091878213709,3.235975551527182,2.58875695648914,2.0628022960023045,1.926384321316573,3.856582394158794,1.7694334487602674,2.8455382456547413,2.576009558672781,3.905696991841562,1.8272087941348407,2.268943353433312,2.7039063109170924,2.794731750209136,2.062755503446532,2.7650464665244137,2.123640904808846,3.095726748844393,1.7930056364605131,1.2142335873654546,2.7204925006007947,2.011622165651131,2.2455045642805334,3.1460939051181542,3.3484807135116013,4.314825268469093
34.18000979874518,1.8725947293991323,4.428008333451523,3.211093115462789,1.8851539518171,2.7585234209786496,2.464747298776841,2.1420289088265263,1.882836910053024,2.522416292741508,2.718682585381265,2.158320637637705,1.1937136503054302,1.781886763544598,2.0704994931603298,3.570239167593997,3.855685630035728,3.163435987404573,2.3549120320592167,4.455952870485953,3.20748896855502,3.690919285293699,2.6106472466161077,4.443975240712267,2.515504156849452,3.8374783421941383,4.581366556248863,3.750956238436933,1.3858545500033803,2.323055173559281,2.9326193188267204,2.875248514890205,3.1017601273639643,1.4926918868261745,1.1975358378919072,4.183510042712091,2.6467059222326283,2.7275630594453872,2.8054717795038684,4.849053535736429
34.25811292745054,2.048391955821303,3.9338501634618335,3.0225825391152816,2.3280258389054835,4.610365498105189,3.3794633173576925,2.828001274614869,5.009828902885113,2.436678163425253,2.4748823055983027,3.0939244100495067,3.5670528260740304,4.219337671771194,2.05922772079691,2.2026463306545985,3.046365116244945,3.407592551622648,2.1248460223504497,4.734907887715447,4.725003704294739,4.901888411315828,3.1700536478981878,4.224803525078063,2.926029603394033,2.516500653822072,2.8833438802107616,3.917133933614423,1.7484425421205747,3.845555731427854,3.642361228209483,3.770617000574208,2.426885081281311,1.0796081035687788,2.554450085071038,2.6157250974650648,2.1702164425659323,2.830719465026317,3.1745515171920684,4.061042318657928
34.26956157823463,0.6894595885829493,3.185433407974114,3.1354750804544538,3.428876857052794,4.180550696923772,3.338575715439563,2.121753993561641,3.3784954154893327,2.222851364713859,2.9019389160348927,3.2382135022774685,3.3663464580254177,4.316556084667106,3.124356756545736,2.801922997362927,2.3362073950114306,3.2355691364623915,2.4174458794229894,3.938219663770136,4.4717562192355205,4.494571172373149,2.777620934549033,2.7475511061984053,2.558007121495653,1.7026576354612972,3.574173326775413,3.3256713232244395,0.7255679861629973,2.8700099693986787,3.131539246109556,2.6496648959791447,2.162965551705537,1.407018117979847,2.0853956344296374,2.288690503100605,2.218696674018607,2.679250425207815,2.214066681073221,3.55310054363998
34.28820883483769,0.6430542877553656,2.29441216271474,2.5322657241480124,2.9255832174880347,4.565074584337799,4.663572976312165,2.3090809459728123,3.1532748411496145,2.2059301219787097,1.6460892530105964,2.1396601810750933,2.3359170028007057,2.869934878165346,2.7389480631139214,2.792461385576693,2.4244340844634715,3.525863039485423,2.604473201286565,2.1723036653818357,3.192149521733142,3.694537994946623,2.540198447123142,2.2428684929614997,2.218432877407329,2.805700834492405,1.5752789838049666,3.4379794785199125,3.658659673023673,3.744442797067928,2.533418080619942,3.613012985456443,3.904160030631014,1.755492522936429,1.7426191373385995,3.0390538478432503,2.112626068326672,3.0150429100924097,3.5212930735128456,4.595283595059653
